{"cameraMode":{"drawMode":0,"name":"Shaded","section":"Shading Mode"},"sceneLighting":true,"audioPlay":false,"sceneViewState":{"showFog":true,"showMaterialUpdate":false,"showSkybox":true,"showFlares":true,"showImageEffects":true,"showParticleSystems":true},"in2DMode":false,"pivot":{"x":1.2217559814453126,"y":0.781005859375,"z":-8.568359375},"rotation":{"x":-0.167507141828537,"y":-0.011241747066378594,"z":0.0019096143078058959,"w":-0.9858132600784302},"size":4.790506362915039,"orthographic":true}